Template Migration Report
======================


capabilities/product_management:
Moved 33 files:
  - product_area_detail/card.html
  - product_area_detail/product_area_breadcrumbs.html
  - product_area_detail/product_area_view.html
  - product_area_detail_helper/challenge_card.html
  - product_area_detail_helper/challenge_list.html
  - product_area_detail_helper/challenge_main.html
  - product_area_detail_helper/empty_form.html
  - product_area_detail_helper/filter_modal.html
  - product_area_detail_helper/product_area_update.html
  - product_detail.html
  - product_tree/components/header/edit_tree.html
  - product_tree/components/header/index.html
  - product_tree/components/header/reset_tree.html
  - product_tree/components/main/empty_result.html
  - product_tree/components/main/macros/action_buttons.html
  - product_tree/components/main/macros/drag.html
  - product_tree/components/main/macros/expand_button.html
  - product_tree/components/main/macros/index.html
  - product_tree/components/main/macros/tree_name.html
  - product_tree/components/main/macros/video.html
  - product_tree/components/partials/add_node_partial.html
  - product_tree/components/partials/create_node_partial.html
  - product_tree/components/partials/create_root_node_partial.html
  - product_tree/components/partials/partial_update_node.html
  - product_tree/components/partials/update_node_partial.html
  - product_tree/components/sub_header/add_product_button.html
  - product_tree/components/sub_header/index.html
  - product_tree/components/sub_header/search.html
  - product_tree/components/sub_header/tooltip.html
  - product_tree/index.html
  - products/detail.html
  - products/settings.html
  - unauthenticated_tree/index.html

common:
Moved 18 files:
  - 404.html
  - about.html
  - base.html
  - base_html.html
  - complete_profile_pop_up.html
  - footer.html
  - header.html
  - header_full.html
  - header_without_discord.html
  - home.html
  - logo.html
  - main.html
  - navbar.html
  - privacy_policy.html
  - selectable_dropdown.html
  - terms_of_use.html
  - toast.html
  - video_player_modal.html

common/forms:
Moved 10 files:
  - attachments.html
  - forms/bounty_attachments.html
  - forms/bounty_empty_attachment.html
  - forms/bounty_form.html
  - forms/capability_form.html
  - forms/challenge_form.html
  - forms/contributor_agreement_template_form.html
  - forms/initiative_form.html
  - forms/product_form.html
  - forms/update_challenge_form.html

common/components:
Moved 91 files:
  - agreements/templates.html
  - bounties/claims.html
  - bounties/manage.html
  - bounties/my_bounties.html
  - bounty/list.html
  - buttons/create_bounty_claim_button.html
  - buttons/delete_bounty_claim_button.html
  - buttons/dropdown_actions.html
  - challenges/manage.html
  - components/attachments.html
  - components/bounty_modal.html
  - components/bounty_table.html
  - components/form_buttons.html
  - components/mobile_header.html
  - components/navigation.html
  - components/sidebar.html
  - components/skill_tree.html
  - components/skill_tree_item.html
  - components/step_1.html
  - components/step_2.html
  - components/step_3.html
  - components/step_4.html
  - components/step_5.html
  - components/step_nav.html
  - components/table.html
  - filters/desktop_filter.html
  - filters/expertise.html
  - filters/mobile_filter.html
  - filters/skill.html
  - filters/status.html
  - header/edit_tree.html
  - header/index.html
  - header/reset_tree.html
  - helper/card.html
  - helper/empty_form.html
  - helper/expertises.html
  - helper/filters.html
  - helper/header.html
  - helper/macro_fun.html
  - helper/macros_fun.html
  - helper/pagination.html
  - helper/profile_info.html
  - helper/skills.html
  - helper/small_card.html
  - helper/social_links.html
  - macros/action_buttons.html
  - macros/drag.html
  - macros/expand_button.html
  - macros/index.html
  - macros/tree_name.html
  - macros/video.html
  - partials/add_node_partial.html
  - partials/bounty_detail_table.html
  - partials/breadcrumbs_bounty_detail.html
  - partials/breadcrumbs_challenge_detail.html
  - partials/breadcrumbs_contributor_agreement_template.html
  - partials/breadcrumbs_initiative_detail.html
  - partials/challenge_bounty_modal.html
  - partials/challenge_filter_partial.html
  - partials/challenge_step_1.html
  - partials/challenge_step_2.html
  - partials/challenge_step_3.html
  - partials/challenge_step_4.html
  - partials/challenge_step_5.html
  - partials/challenge_step_nav.html
  - partials/create_node_partial.html
  - partials/create_root_node_partial.html
  - partials/delete_feedback_form.html
  - partials/dropdown_search.html
  - partials/expertise.html
  - partials/expertise_options.html
  - partials/feedback_form.html
  - partials/gray_star.html
  - partials/horizontal_dropdown_dots.html
  - partials/initiative_challenge_table.html
  - partials/list_partials.html
  - partials/partial_expertises.html
  - partials/partial_update_node.html
  - partials/showcase_achievements.html
  - partials/skill_tree.html
  - partials/star_rating.html
  - partials/update_node_partial.html
  - partials/yellow_star.html
  - sub_header/add_product_button.html
  - sub_header/index.html
  - sub_header/search.html
  - sub_header/tooltip.html
  - users/add.html
  - users/manage.html
  - users/update.html
  - work/review.html

portal:
Moved 19 files:
  - portal/agreements/templates.html
  - portal/base.html
  - portal/bounties/claims.html
  - portal/bounties/components/table.html
  - portal/bounties/manage.html
  - portal/bounties/my_bounties.html
  - portal/challenges/components/table.html
  - portal/challenges/manage.html
  - portal/components/attachments.html
  - portal/components/mobile_header.html
  - portal/components/sidebar.html
  - portal/dashboard.html
  - portal/products/detail.html
  - portal/products/settings.html
  - portal/products/users/add.html
  - portal/products/users/manage.html
  - portal/products/users/update.html
  - portal/work/components/table.html
  - portal/work/review.html

capabilities/security:
Moved 15 files:
  - security/base_security.html
  - security/logout.html
  - security/password_reset/password_reset.html
  - security/password_reset/password_reset_complete.html
  - security/password_reset/password_reset_confirm.html
  - security/password_reset/password_reset_done.html
  - security/password_reset/password_reset_form.html
  - security/sign_in/password_reset_required.html
  - security/sign_in/sign_in.html
  - security/sign_in/sign_in_form.html
  - security/sign_up/sign_up.html
  - security/sign_up/sign_up_form.html
  - security/sign_up/sign_up_step_0.html
  - security/sign_up/sign_up_step_1.html
  - security/sign_up/sign_up_step_2.html

capabilities/talent:
Moved 20 files:
  - talent/bounty_claim_attempt.html
  - talent/bounty_delivery_attempt_detail.html
  - talent/helper/empty_form.html
  - talent/helper/expertises.html
  - talent/helper/macro_fun.html
  - talent/helper/profile_info.html
  - talent/helper/skills.html
  - talent/helper/social_links.html
  - talent/partials/delete_feedback_form.html
  - talent/partials/feedback_form.html
  - talent/partials/gray_star.html
  - talent/partials/horizontal_dropdown_dots.html
  - talent/partials/partial_expertises.html
  - talent/partials/profile_form.html
  - talent/partials/showcase_achievements.html
  - talent/partials/star_rating.html
  - talent/partials/yellow_star.html
  - talent/profile.html
  - talent/profile_picture.html
  - talent/showcase.html

Skipped files:
  - apps/flows/challenge_authoring/partials/expertise_options.html
  - apps/portal/table.html
  - chapter-1.html
  - enterprise_customers.html
  - introduction.html
  - main/empty_result.html
  - password_reset/password_reset.html
  - password_reset/password_reset_complete.html
  - password_reset/password_reset_confirm.html
  - password_reset/password_reset_done.html
  - password_reset/password_reset_form.html
  - sign_in/password_reset_required.html
  - sign_in/sign_in.html
  - sign_in/sign_in_form.html
  - sign_up/sign_up.html
  - sign_up/sign_up_form.html
  - sign_up/sign_up_step_0.html
  - sign_up/sign_up_step_1.html
  - sign_up/sign_up_step_2.html
  - templates/404.html
  - templates/about.html
  - templates/attachments.html
  - templates/base.html
  - templates/base_html.html
  - templates/chapter-1.html
  - templates/complete_profile_pop_up.html
  - templates/enterprise_customers.html
  - templates/footer.html
  - templates/header.html
  - templates/header_full.html
  - templates/header_without_discord.html
  - templates/home.html
  - templates/introduction.html
  - templates/logo.html
  - templates/main.html
  - templates/navbar.html
  - templates/privacy_policy.html
  - templates/product_detail.html
  - templates/selectable_dropdown.html
  - templates/terms_of_use.html
  - templates/toast.html
  - templates/video_player_modal.html
